index,carat,cut,color,clarity,depth,table,price,x,y,z
66,0.28,Ideal,G,VVS2,61.4,56,553,4.19,4.22,2.58
127,0.91,Premium,H,SI1,61.4,56,2763,6.09,5.97,3.7
136,0.63,Premium,E,VVS1,60.9,60,2765,5.52,5.55,3.37
267,0.7,Premium,F,VS1,62.1,60,2792,5.71,5.65,3.53
324,1.04,Premium,G,I1,62.2,58,2801,6.46,6.41,4
344,0.71,Very Good,E,VS2,64,57,2804,5.66,5.68,3.63
392,0.32,Premium,I,SI1,62.8,58,554,4.39,4.34,2.74
464,0.7,Premium,E,VS2,59.3,60,2818,5.78,5.73,3.41
654,1.01,Ideal,I,I1,61.5,57,2844,6.45,6.46,3.97
792,0.7,Very Good,D,SI1,62.5,55,2862,5.67,5.72,3.56
889,0.7,Premium,F,VS1,59,59,2874,5.79,5.77,3.41
940,0.9,Fair,D,SI2,66.9,57,2885,6.02,5.9,3.99
1067,0.31,Premium,I,VS2,60.8,60,558,4.42,4.37,2.67
1137,0.71,Very Good,E,VS2,59.9,59,2921,5.77,5.81,3.47
1142,0.71,Very Good,E,VS2,63.7,58,2922,5.6,5.64,3.58
1174,0.8,Very Good,G,VS2,61.1,57,2929,6.01,6.07,3.69
1275,0.72,Ideal,H,VS1,62.3,55,2949,5.72,5.74,3.57
1360,0.9,Fair,J,VS1,65.4,60,2964,6.02,5.93,3.91
1416,0.9,Ideal,G,SI2,62.4,57,2968,6.16,6.13,3.84
1428,0.9,Very Good,H,SI2,63.1,60,2972,6.14,6.09,3.86
1437,0.57,Ideal,F,IF,61.8,54,2974,5.33,5.35,3.3
1495,0.75,Ideal,G,VS2,60.6,55,2991,5.91,5.93,3.59
1500,0.69,Very Good,F,VVS2,61.5,60,2993,5.64,5.67,3.48
1504,0.7,Ideal,F,VS1,62.4,55,2993,5.65,5.7,3.54
1527,0.73,Very Good,G,VS1,62.4,58.1,2999,5.71,5.75,3.58
1561,0.78,Ideal,G,SI1,60.6,57,3004,5.95,5.97,3.61
1654,0.78,Premium,D,SI1,60.4,57,3019,6.02,5.97,3.62
1764,1.14,Ideal,J,SI1,60.2,57,3045,6.81,6.71,4.07
1780,0.72,Premium,D,SI1,60.5,57,3048,5.89,5.85,3.55
1968,0.73,Ideal,G,SI1,61.7,57,3089,5.78,5.81,3.57
1975,1.2,Premium,G,I1,60.3,58,3091,6.82,6.77,4.1
2054,0.32,Premium,G,VS2,62.6,59,561,4.33,4.36,2.72
2176,0.81,Premium,D,SI1,60.7,58,3135,6.07,5.99,3.66
2247,1.02,Ideal,I,VS2,62.8,57,3148,6.45,6.39,4.03
2270,0.77,Ideal,G,VS2,61.7,55,3154,5.87,5.9,3.63
2338,0.74,Ideal,F,VS1,61.7,56,3170,5.83,5.78,3.58
2385,0.32,Premium,E,SI1,62.3,58,561,4.37,4.4,2.73
2386,0.4,Good,H,SI2,63.8,57,561,4.67,4.7,2.99
2403,0.7,Very Good,E,VS1,63.8,57,3177,5.61,5.65,3.59
2435,0.76,Ideal,G,VS2,61.5,55,3183,5.92,5.88,3.63
2468,0.71,Ideal,D,VS1,62.2,55,3192,5.71,5.74,3.56
2764,0.8,Ideal,E,SI2,60.9,57,3251,6,6.03,3.66
2885,1.01,Fair,I,SI1,65.5,58,3280,6.28,6.24,4.1
2907,0.8,Good,G,VS1,63.2,60.1,3283,5.77,5.85,3.67
2972,0.91,Very Good,J,VS2,62.6,55,3299,6.17,6.19,3.87
3047,0.27,Very Good,G,VVS1,62.5,56,566,4.14,4.16,2.59
3083,1.02,Premium,H,SI2,58.3,59,3313,6.61,6.57,3.84
3291,0.7,Premium,D,VS1,62.5,59,3365,5.69,5.64,3.54
3327,0.72,Very Good,D,VS1,64.1,57,3375,5.68,5.71,3.65
3359,0.91,Very Good,H,SI2,63.4,57,3382,6.1,6.18,3.89
3416,0.36,Premium,I,VS1,62,59,568,4.53,4.6,2.83
3425,0.7,Ideal,G,VS1,61.9,55,3384,5.67,5.71,3.52
3427,0.79,Ideal,E,SI1,62,57,3384,5.92,5.96,3.68
3558,0.79,Ideal,H,VVS2,62.4,56,3417,5.91,5.94,3.7
3561,1.01,Premium,H,SI1,59.2,58,3417,6.58,6.56,3.89
3602,0.91,Ideal,G,SI2,62.2,57,3425,6.18,6.24,3.86
3611,0.9,Good,F,SI1,64.3,57,3427,6.08,6.01,3.89
3670,1.03,Premium,F,I1,62.3,59,3444,6.42,6.46,4.01
3678,0.7,Good,F,VVS2,62.5,58,3445,5.68,5.75,3.57
3738,0.3,Ideal,F,VS2,62.3,58,569,4.26,4.23,2.64
3827,0.7,Ideal,D,SI1,61.6,57,3471,5.69,5.74,3.52
3852,0.91,Very Good,J,VS2,61.9,59,3478,6.11,6.16,3.8
3868,0.71,Premium,D,VS1,61.6,58,3479,5.78,5.72,3.54
3895,0.77,Very Good,D,VS2,61.2,59,3489,5.86,5.91,3.6
3902,0.9,Good,G,SI2,62.7,59,3489,6.04,6.12,3.81
4007,0.9,Very Good,F,SI2,61.1,54,3519,6.27,6.29,3.84
4057,0.36,Ideal,G,SI1,61.5,54,571,4.6,4.63,2.84
4107,0.78,Ideal,F,VS1,61.6,56,3537,5.9,5.92,3.64
4215,0.91,Very Good,H,VS2,63.1,56,3567,6.2,6.13,3.89
4227,0.9,Very Good,I,VS2,63.2,56,3570,6.15,6.09,3.87
4274,0.98,Fair,H,SI1,68.6,58,3583,6.18,6.04,4.19
4307,0.82,Very Good,D,SI1,61.3,56,3593,6.02,6.06,3.7
4337,0.9,Ideal,E,SI2,62,55,3599,6.23,6.15,3.84
4357,0.8,Very Good,F,VS1,63.8,55,3603,5.84,5.89,3.74
4457,1.01,Good,I,VS2,63.6,57,3620,6.3,6.21,3.98
4472,0.82,Ideal,E,SI1,61.8,58,3622,5.99,6.05,3.72
4480,0.81,Ideal,F,VS2,61.8,55,3624,5.96,5.92,3.67
4519,1,Fair,G,SI1,43,59,3634,6.32,6.27,3.97
4569,0.77,Ideal,F,VS1,61.2,56,3647,5.9,5.93,3.62
4592,1.11,Premium,D,I1,61.9,58,3655,6.66,6.63,4.11
4611,0.9,Premium,E,SI2,61.3,60,3662,6.17,6.23,3.8
4647,0.9,Very Good,G,SI1,63.1,59,3669,6.15,6.11,3.87
4662,0.91,Premium,H,SI1,62.2,60,3669,6.22,6.16,3.85
4696,1.01,Fair,H,VS1,67.1,59,3676,6.16,6.09,4.11
4734,0.3,Ideal,F,VS2,62.2,55,573,4.3,4.32,2.68
4893,0.72,Very Good,E,VVS2,62,58,3719,5.71,5.74,3.55
4919,0.7,Ideal,G,VVS2,61.6,57,3725,5.74,5.71,3.53
4968,0.91,Very Good,I,VS1,61.9,57,3734,6.19,6.24,3.85
4978,0.9,Good,E,SI2,63,58,3736,6.08,6.11,3.84
4983,1.03,Ideal,J,SI1,62.3,57,3738,6.48,6.43,4.02
5030,1.01,Very Good,J,SI1,62.9,56,3749,6.35,6.4,4.01
5110,0.72,Ideal,F,VS1,61.4,56,3759,5.75,5.79,3.54
5205,1,Good,J,SI1,63.8,59,3780,6.34,6.27,4.02
5215,0.9,Premium,F,SI2,62.7,58,3780,6.16,6.09,3.84
5250,1.01,Premium,H,SI2,60.7,58,3790,6.52,6.49,3.95
5366,0.91,Fair,H,SI1,64.7,56,3816,6.1,6.07,3.94
5392,0.3,Premium,G,SI1,62.9,59,574,4.28,4.24,2.68
5603,0.96,Ideal,G,SI2,62.1,57,3871,6.32,6.27,3.91
5676,0.8,Ideal,F,VS1,61.6,54,3884,5.99,5.95,3.68
5711,0.25,Very Good,F,VVS2,61,58,575,4.02,4.05,2.46
5783,0.9,Very Good,E,SI2,61.1,58,3902,6.12,6.26,3.78
5826,0.92,Premium,H,VS2,59.6,59,3916,6.32,6.29,3.76
5843,1,Premium,H,SI2,60.2,61,3920,6.48,6.44,3.89
5851,1,Very Good,H,SI2,63.4,61,3920,6.33,6.29,4
5926,0.92,Premium,E,SI2,62.1,58,3941,6.22,6.18,3.85
5989,0.8,Very Good,F,VS2,61.3,55,3954,5.93,6.01,3.66
6043,0.32,Premium,E,SI2,62.4,58,576,4.4,4.35,2.73
6214,0.9,Ideal,H,SI2,62.1,55,4001,6.17,6.2,3.84
6297,1.01,Premium,G,SI2,59.4,60,4022,6.55,6.58,3.9
6337,1,Ideal,J,VS1,62.3,56,4032,6.43,6.38,3.99
6371,0.32,Very Good,H,SI1,63.1,55,576,4.37,4.34,2.75
6507,1.01,Good,G,SI1,63.1,55,4064,6.31,6.33,3.99
6644,0.9,Ideal,E,SI2,62.7,54,4091,6.13,6.21,3.87
6653,0.9,Very Good,E,SI1,63.1,60,4092,6.18,6.14,3.89
6683,0.9,Ideal,H,SI2,61.8,56,4101,6.17,6.2,3.82
6725,0.27,Ideal,F,VS2,60.3,56,577,4.24,4.27,2.56
6752,1.01,Fair,G,SI1,66.9,56,4102,6.15,6.22,4.14
6793,0.7,Ideal,F,VVS2,61.2,56,4114,5.73,5.78,3.52
6921,0.91,Premium,E,SI1,60.5,61,4138,6.23,6.19,3.76
7094,1.01,Premium,H,SI2,61.6,59,4166,6.39,6.44,3.95
7122,0.6,Ideal,D,VVS1,62.5,55,4172,5.4,5.42,3.38
7164,0.93,Premium,F,SI1,61.1,59,4182,6.32,6.29,3.85
7165,0.9,Premium,G,VS2,60.9,58,4183,6.34,6.19,3.79
7178,1.01,Good,G,SI2,63.8,53,4185,6.41,6.31,4.06
7190,1.01,Very Good,F,SI2,62.4,58,4187,6.37,6.42,3.99
7209,0.9,Ideal,E,SI2,62.2,55,4191,6.19,6.22,3.86
7266,0.91,Ideal,I,VS2,61.9,56,4199,6.18,6.22,3.84
7271,1.04,Ideal,G,SI2,62,57,4200,6.53,6.6,4.07
7272,1.04,Very Good,G,SI2,60.9,58,4200,6.52,6.58,3.99
7444,0.9,Good,F,SI1,64.2,56,4232,6.02,6.1,3.89
7475,1,Premium,F,SI1,60.8,59,4234,6.45,6.41,3.91
7479,1.07,Very Good,I,SI1,60.7,61,4237,6.55,6.6,3.99
7490,1.02,Premium,F,SI2,59.9,59,4238,6.59,6.56,3.94
7540,1.01,Very Good,I,SI2,63.5,57,4244,6.35,6.37,4.04
7571,0.91,Very Good,D,SI1,59.3,58,4253,6.33,6.38,3.77
7603,0.92,Good,E,SI1,63.2,58,4258,6.16,6.18,3.9
7605,0.92,Premium,E,SI1,60.9,59,4258,6.25,6.27,3.81
7681,1,Ideal,F,SI2,61.8,57,4274,6.45,6.36,3.96
7760,1.03,Ideal,J,VS2,61.6,57,4283,6.52,6.47,4
7892,1,Very Good,E,SI2,60.6,61,4312,6.39,6.44,3.89
7929,0.93,Ideal,H,SI1,61.7,55,4317,6.26,6.29,3.87
7992,1.03,Very Good,E,SI2,60.7,63,4326,6.48,6.44,3.92
8070,0.31,Ideal,F,VS2,61.6,56,583,4.35,4.38,2.69
8120,0.91,Premium,D,SI1,63,59,4352,6.15,6.11,3.86
8139,1.01,Premium,I,SI1,62.3,58,4355,6.44,6.4,4
8142,0.9,Premium,H,VVS2,62,58,4355,6.16,6.13,3.81
8156,0.9,Very Good,G,VS1,62.4,55,4358,6.11,6.17,3.83
8161,1.1,Very Good,D,SI2,58.6,63,4361,6.76,6.69,3.94
8172,1.01,Very Good,E,SI2,63.5,55,4363,6.32,6.38,4.03
8174,1.02,Ideal,G,SI2,62.6,58,4363,6.42,6.4,4.01
8239,1.32,Premium,G,SI2,59.2,61,4373,7.21,7.14,4.25
8268,0.9,Premium,D,SI1,62.7,58,4381,6.09,6.15,3.84
8302,0.91,Ideal,H,SI1,61.9,56,4386,6.17,6.21,3.83
8318,0.9,Ideal,F,SI1,62.2,55,4390,6.16,6.21,3.85
8432,1.13,Good,D,SI2,60.7,64,4406,6.68,6.63,4
8451,1.06,Very Good,J,VS2,62.6,59,4413,6.49,6.57,4.09
8622,1.07,Premium,F,SI2,61.8,58,4446,6.57,6.51,4.04
8649,1,Premium,F,SI2,61.6,61,4452,6.36,6.33,3.91
8664,1.04,Ideal,G,SI2,61.7,56,4455,6.57,6.52,4.04
8683,1.1,Good,G,SI2,60.5,61,4457,6.69,6.74,4.06
8790,1.23,Premium,D,SI2,58,59,4470,7.02,6.97,4.06
8832,1.12,Premium,G,SI2,62.8,58,4478,6.62,6.57,4.14
8864,0.92,Premium,E,SI1,62.2,58,4482,6.23,6.18,3.86
8866,0.92,Fair,E,SI1,66.8,55,4482,6.04,5.99,4.02
8874,1.01,Very Good,F,SI2,61.9,57,4484,6.42,6.35,3.95
9061,0.9,Premium,I,IF,62.6,59,4516,6.15,6.12,3.84
9079,1.08,Ideal,I,SI1,62.1,59,4521,6.57,6.53,4.07
9087,0.9,Very Good,D,SI1,64.2,55,4523,6.09,6.16,3.93
9202,1.01,Very Good,F,SI1,63,57,4549,6.36,6.4,4.02
9266,0.92,Premium,E,SI1,59.8,59,4562,6.33,6.37,3.8
9319,1.09,Premium,H,SI2,61.7,60,4578,6.59,6.57,4.06
9331,0.9,Good,F,VS1,63.5,57,4580,6.06,6.09,3.86
9346,1.24,Very Good,J,SI2,62.2,58,4583,6.82,6.94,4.28
9389,0.32,Ideal,D,SI1,62.5,54,589,4.39,4.41,2.75
9406,1.03,Premium,F,SI2,61.6,58,4586,6.46,6.43,3.97
9453,1,Good,H,SI1,63.8,53,4596,6.39,6.27,4.04
9596,1.04,Ideal,F,SI2,62.6,57,4630,6.48,6.45,4.05
9628,0.92,Premium,H,VVS2,62.5,58,4637,6.25,6.16,3.88
9631,1.21,Very Good,G,SI1,63.4,60,4637,6.68,6.63,4.22
9664,0.9,Very Good,E,VS2,63,57,4643,6.07,6.15,3.85
9710,0.31,Ideal,E,VS2,62,56,589,4.36,4.38,2.71
9815,0.91,Very Good,H,VS1,59.4,63,4670,6.32,6.28,3.74
9822,1.01,Premium,G,SI1,61,62,4672,6.49,6.4,3.93
9877,1.01,Ideal,H,SI1,61.4,60,4680,6.48,6.45,3.97
9904,0.9,Premium,E,VS2,62.6,59,4687,6.14,6.06,3.82
9970,1.14,Good,I,SI1,63.5,56,4702,6.58,6.62,4.19
10029,0.29,Good,F,VS1,62.1,56,415,4.24,4.26,2.64
10134,0.97,Premium,D,SI1,62,60,4721,6.25,6.29,3.89
10186,1,Ideal,G,SI1,62.7,56,4737,6.36,6.39,4
10204,0.8,Ideal,G,VVS2,61.4,57,4740,5.96,6,3.67
10213,1.05,Premium,E,SI2,60.4,58,4742,6.59,6.55,3.97
10245,1,Very Good,F,SI2,63.3,60,4749,6.32,6.25,3.98
10268,1.01,Premium,D,SI1,62.8,58,4751,6.37,6.3,3.98
10285,1.11,Ideal,G,SI2,60.5,56,4755,6.71,6.67,4.05
10354,0.91,Fair,E,VS1,64.5,58,4770,6.14,6.1,3.95
10357,1.01,Premium,H,SI1,59.5,59,4771,6.56,6.52,3.89
10359,1.2,Ideal,H,VS2,62.8,57,4771,6.71,6.67,4.2
10364,1.23,Ideal,I,SI2,62.3,55,4773,6.85,6.82,4.26
10378,1.09,Ideal,J,VS2,43,54,4778,6.53,6.55,4.12
10402,0.31,Very Good,G,SI1,63.2,57,593,4.3,4.27,2.71
10485,1.01,Premium,F,SI2,62.2,57,4796,6.43,6.36,3.98
10496,1.02,Ideal,I,VS1,60.2,57,4798,6.56,6.49,3.93
10517,0.91,Ideal,F,SI1,62,57,4801,6.22,6.24,3.86
10545,1.1,Ideal,F,SI2,60.4,55,4809,6.73,6.77,4.08
10687,1,Good,F,SI1,63.8,57,4844,6.21,6.29,3.99
10709,0.96,Fair,F,SI1,60.7,65,4849,6.43,6.28,3.86
10727,0.31,Good,D,SI2,63.9,57,593,4.33,4.28,2.75
10749,1.02,Ideal,F,SI2,62.6,56,4851,6.38,6.44,4.01
10780,0.9,Very Good,E,VS2,62.7,56,4858,6.13,6.21,3.87
10834,1.09,Ideal,H,SI1,61.9,56,4871,6.64,6.61,4.1
10844,1.06,Premium,H,SI1,62.8,58,4872,6.49,6.47,4.07
10860,1.03,Ideal,H,VS1,61.5,57,4874,6.49,6.45,3.98
10873,1.1,Very Good,I,VS1,61,59,4878,6.65,6.67,4.06
11104,1.02,Very Good,H,SI1,62.8,58,4932,6.37,6.43,4.02
11176,1.12,Very Good,F,SI2,61.5,58,4953,6.63,6.68,4.09
11210,1.15,Premium,H,SI2,62.9,56,4959,6.7,6.59,4.18
11380,0.34,Very Good,E,SI1,62.9,56,596,4.45,4.48,2.81
11396,0.34,Ideal,G,VS2,62.5,57,596,4.46,4.5,2.8
11531,1,Fair,E,SI1,57.6,57,5027,6.56,6.52,3.77
11536,1.01,Premium,H,VS2,61.3,58,5028,6.46,6.49,3.97
11580,0.9,Very Good,D,SI1,60.6,59,5040,6.23,6.28,3.79
11609,1.15,Very Good,H,SI1,60.9,57,5047,6.72,6.8,4.12
11643,1.13,Very Good,E,SI2,60.3,58,5052,6.78,6.86,4.11
11704,0.34,Premium,H,VS1,61.6,59,596,4.49,4.54,2.78
11767,1.1,Very Good,I,VS1,60.2,59,5082,6.67,6.71,4.03
11831,1.21,Good,J,VS2,61,64,5096,6.89,6.79,4.17
11868,1.12,Premium,D,SI2,58.2,60,5107,6.9,6.81,3.99
12004,1.01,Premium,D,SI1,59.2,61,5147,6.4,6.34,3.77
12048,0.34,Very Good,E,SI1,59,60,596,4.56,4.62,2.71
12128,1,Premium,H,VS1,61.8,61,5169,6.4,6.31,3.93
12130,1.57,Ideal,H,I1,62.8,56,5170,7.42,7.36,4.64
12158,0.91,Ideal,F,SI1,62,55,5176,6.21,6.24,3.86
12175,1.18,Ideal,H,SI2,61.2,57,5182,6.81,6.86,4.18
12235,1.02,Premium,D,SI2,59.7,60,5198,6.58,6.55,3.92
12292,1.23,Ideal,J,VS2,61.5,57,5217,6.9,6.95,4.26
12414,1.12,Very Good,H,SI1,62.3,55,5236,6.64,6.69,4.15
12510,1.25,Ideal,G,SI2,61.6,57,5259,6.91,6.98,4.28
12554,1.01,Ideal,G,SI1,61.6,57,5273,6.4,6.32,3.92
12579,1.2,Very Good,H,SI2,62,58,5280,6.76,6.91,4.24
12622,1,Premium,G,SI1,62.7,59,5292,6.36,6.31,3.97
12657,1.25,Premium,J,VS2,62.2,59,5299,6.86,6.88,4.27
12668,1.16,Ideal,I,VS2,61.5,57,5302,6.78,6.75,4.16
12825,1.1,Ideal,H,VS2,60.5,57,5347,6.73,6.7,4.06
12932,1.14,Ideal,H,SI1,62.3,56,5382,6.69,6.77,4.19
12961,1.21,Ideal,J,SI1,62.7,55.2,5390,6.79,6.84,4.27
13065,1.16,Ideal,H,SI1,64.2,59,5411,6.66,6.61,4.26
13081,1.01,Premium,H,VS1,61.1,58,5416,6.45,6.48,3.95
13108,1.02,Ideal,G,SI1,62.1,55,5426,6.46,6.49,4.02
13236,1.22,Premium,I,SI1,62.1,59,5466,6.86,6.8,4.24
13240,1.02,Premium,H,VS1,62.1,59,5469,6.38,6.43,3.98
13242,1.04,Ideal,H,SI1,61.7,56,5469,6.51,6.55,4.03
13361,0.24,Very Good,F,VS2,62.4,58,419,3.98,4,2.49
13401,0.32,Ideal,F,VS2,62.4,57,602,4.37,4.44,2.75
13402,0.32,Very Good,G,VS1,61.2,62,602,4.41,4.45,2.71
13466,1.27,Very Good,J,VS2,62.7,58,5530,6.88,6.91,4.32
13477,1.15,Ideal,I,VS2,61.7,57,5534,6.72,6.74,4.15
13559,1.2,Premium,D,SI2,62.6,57,5551,6.84,6.74,4.25
13619,1.21,Premium,J,VVS2,60.8,60,5572,6.86,6.88,4.18
13641,1.08,Premium,H,VS1,59.6,59,5582,6.72,6.66,3.99
13650,1.33,Very Good,H,SI2,63.5,57,5586,6.99,6.88,4.4
13699,1,Good,G,VS2,63.4,61,5600,6.23,6.29,3.97
13701,1.13,Premium,G,SI1,60.9,58,5600,6.75,6.72,4.1
13716,0.3,Ideal,E,VS2,61.8,57,603,4.28,4.3,2.65
13802,1.03,Premium,H,VS1,62,59,5624,6.48,6.45,4.01
13814,1.25,Very Good,J,VS1,60.4,60,5628,6.99,7.08,4.25
13903,1.05,Very Good,H,VS1,63.3,57,5657,6.45,6.4,4.07
14050,0.32,Ideal,I,VS1,62.3,56,605,4.4,4.37,2.73
14063,0.3,Ideal,H,VVS2,62.6,55,605,4.25,4.28,2.67
14114,1.46,Fair,H,SI2,56.3,60,5723,7.61,7.55,4.27
14117,1,Premium,D,SI1,62.2,58,5723,6.45,6.34,3.98
14148,1.25,Premium,I,SI1,62.4,58,5740,6.89,6.85,4.29
14312,1.24,Ideal,I,SI1,62.1,56,5797,6.84,6.88,4.26
14350,1.14,Premium,H,VS1,62,62,5809,6.74,6.65,4.15
14400,0.3,Premium,F,VS2,62.2,60,605,4.22,4.27,2.64
14411,1.07,Ideal,H,VS2,62,57,5820,6.55,6.58,4.07
14512,1.14,Ideal,H,SI1,60.4,57,5861,6.78,6.83,4.11
14659,1.31,Very Good,I,SI2,62.7,58,5916,6.88,6.94,4.33
14712,0.3,Ideal,F,VS2,61.3,55,605,4.3,4.32,2.64
14718,0.3,Ideal,F,VS2,60.7,56,605,4.32,4.34,2.63
14795,1.05,Very Good,D,SI1,59.3,59,5952,6.63,6.69,3.95
14811,1.01,Premium,G,VVS2,61.5,61,5963,6.44,6.38,3.94
14857,1,Good,E,VS2,63.3,59,5984,6.29,6.34,4
14886,1.01,Ideal,G,VS2,61.7,57,5995,6.48,6.45,3.99
14915,0.8,Ideal,D,VVS2,61.9,56,6004,5.91,5.95,3.67
14981,1.03,Very Good,G,VS2,62.1,57,6036,6.41,6.48,4
15169,1.01,Ideal,D,SI1,63,57,6097,6.43,6.34,4.02
15209,1.01,Premium,G,VS2,62.4,58,6108,6.41,6.38,3.99
15285,1.09,Ideal,D,SI1,61.9,57,6133,6.57,6.61,4.08
15295,1.4,Ideal,J,SI1,62.7,57,6139,7.13,7.09,4.46
15341,1.01,Very Good,F,VS2,61.5,57,6159,6.4,6.48,3.96
15358,1.01,Premium,F,VS2,63,58,6165,6.4,6.34,4.01
15510,1.01,Very Good,G,VS2,60.2,58,6213,6.51,6.54,3.93
15613,1.07,Very Good,H,VS1,62.5,56,6262,6.52,6.55,4.08
15649,1.07,Very Good,G,VS2,62.3,57,6274,6.56,6.47,4.06
15744,1,Premium,F,VS2,62.9,59,6296,6.47,6.4,4.02
15750,1.25,Premium,G,SI2,60.4,59,6300,6.98,6.96,4.21
15916,1.5,Good,I,SI2,65,55,6364,7.15,7.24,4.68
15986,1.22,Ideal,H,SI2,62.3,57,6398,6.84,6.89,4.28
16109,1,Very Good,D,VS2,63.1,59,6440,6.26,6.36,3.98
16211,1.02,Ideal,F,VS2,62.7,56,6479,6.39,6.44,4.02
16239,1.37,Premium,G,SI2,59.6,60,6495,7.24,7.18,4.3
16372,0.33,Ideal,D,SI1,61.3,56,608,4.44,4.46,2.73
16385,1.04,Ideal,G,VS2,62.8,56,6542,6.48,6.42,4.05
16414,1.52,Premium,F,SI2,60.7,61,6554,7.47,7.36,4.5
16442,1.06,Ideal,D,SI1,61.5,56,6565,6.58,6.55,4.04
16544,1,Premium,F,VS2,61.7,56,6608,6.48,6.39,3.97
16554,1.01,Very Good,G,VS1,62.2,53,6613,6.48,6.54,4.05
16673,1,Ideal,D,SI1,62.5,55,6664,6.42,6.34,3.99
16702,0.3,Ideal,H,SI1,62.6,55,421,4.28,4.32,2.69
16706,0.3,Premium,H,SI1,61.2,60,421,4.29,4.31,2.63
16730,0.3,Premium,D,VS1,60.2,59,610,4.39,4.42,2.65
16887,1.26,Ideal,G,SI1,59.6,57,6738,7.08,7.04,4.21
17053,0.41,Ideal,F,SI2,61.6,54,612,4.78,4.8,2.95
17055,0.4,Ideal,J,SI1,61.6,56,612,4.72,4.77,2.93
17274,1.26,Premium,F,SI1,62.3,58,6915,6.89,6.84,4.28
17288,1.12,Very Good,F,VS2,62,58,6925,6.63,6.69,4.13
17351,1.22,Very Good,G,VS2,63.1,56,6962,6.82,6.8,4.3
17383,0.34,Premium,E,SI2,62.4,59,612,4.46,4.42,2.77
17397,0.32,Ideal,D,SI2,62.6,56,612,4.4,4.38,2.75
17434,1.41,Premium,D,SI2,61.1,56,6988,7.19,7.15,4.38
17475,1.34,Ideal,I,VS1,62.2,57,7016,7.02,7.06,4.38
17627,1.5,Very Good,G,SI2,63.2,58,7098,7.25,7.19,4.56
17640,1.22,Premium,H,VS1,62.7,56,7105,6.82,6.74,4.25
17647,1.52,Ideal,G,SI2,61.9,57,7108,7.43,7.38,4.58
17700,1.01,Very Good,G,VVS2,62.5,54,7137,6.38,6.41,4
17761,1.22,Very Good,H,VS1,58.9,59,7152,6.96,7.02,4.12
17813,1.01,Ideal,G,VS2,61.9,56,7179,6.4,6.44,3.97
17833,1.2,Ideal,H,VS2,60.8,55,7190,6.9,6.85,4.18
17908,1.07,Premium,F,VS1,62.4,58,7232,6.52,6.49,4.06
17944,1.7,Premium,I,SI2,59.4,59,7250,7.83,7.75,4.63
17969,1.22,Premium,E,SI1,62.6,58,7262,6.78,6.8,4.25
18015,1.54,Premium,G,SI2,61.6,58,7287,7.45,7.3,4.57
18024,1.5,Good,H,SI2,64.2,56,7291,7.26,7.2,4.64
18029,1.09,Ideal,G,VS2,62.8,57,7292,6.54,6.58,4.12
18038,0.35,Very Good,E,SI1,62.7,57,614,4.47,4.52,2.82
18155,1.09,Ideal,G,VS2,61.2,56,7357,6.62,6.64,4.06
18170,1.01,Ideal,G,VVS2,60.6,57,7366,6.54,6.5,3.95
18214,1.5,Very Good,I,SI2,60.8,58,7392,7.24,7.34,4.43
18242,1.75,Ideal,H,I1,61.5,55,7409,7.78,7.75,4.78
18257,1.31,Very Good,H,VS2,61.4,59,7415,6.96,7.01,4.29
18305,1.02,Ideal,G,VS1,62.4,57,7440,6.41,6.43,4.01
18341,1.2,Ideal,F,SI1,61.5,53,7463,6.87,6.9,4.24
18465,1.07,Very Good,F,VS1,62,56,7513,6.51,6.55,4.05
18518,1.08,Premium,E,VS2,59.4,59,7548,6.71,6.68,3.98
18614,1.06,Ideal,F,VS2,61.2,57,7592,6.58,6.55,4.02
18676,1.34,Very Good,H,SI1,62.4,58,7636,6.98,7.02,4.37
18683,1.36,Good,G,SI1,63.8,55,7639,6.97,6.94,4.44
18707,0.27,Very Good,E,VVS2,62,59,620,4.14,4.18,2.58
18932,1.02,Very Good,E,VS1,60.1,59,7779,6.48,6.53,3.91
18935,1.51,Ideal,H,SI1,61.7,56,7780,7.25,7.18,4.45
19042,0.3,Ideal,F,VS1,62.2,56,621,4.31,4.34,2.69
19053,1.02,Ideal,F,VS1,62.2,57,7836,6.39,6.43,3.99
19062,1.61,Premium,J,VS2,61.7,59,7844,7.51,7.46,4.62
19094,1.01,Premium,F,VS1,58.8,60,7862,6.59,6.51,3.85
19175,1.43,Fair,E,SI1,65.1,56,7928,7.1,7.03,4.61
19218,2.01,Good,H,I1,61.7,63,7959,7.91,7.94,4.89
19224,1.01,Premium,G,VVS2,61.9,59,7964,6.45,6.41,3.98
19408,1.25,Premium,G,VS2,61.9,58,8064,6.91,6.85,4.26
19463,1.56,Good,J,VS2,62.3,64,8107,7.41,7.36,4.6
19809,1.01,Very Good,G,VVS1,61.8,59,8373,6.47,6.41,3.98
19938,1.2,Ideal,F,VS2,62.3,55,8486,6.83,6.79,4.24
19994,1.01,Ideal,F,VVS2,61.8,56,8532,6.46,6.49,4
20017,0.3,Very Good,H,SI1,60.8,61,421,4.25,4.3,2.6
20039,0.3,Good,H,SI1,63.4,58,421,4.21,4.24,2.68
20223,1.43,Very Good,H,SI1,61.7,59,8654,7.23,7.29,4.48
20265,1.19,Very Good,G,VVS2,61.8,59,8689,6.75,6.77,4.18
20311,1.06,Ideal,G,VVS2,61.4,57,8726,6.52,6.55,4.01
20362,1.09,Ideal,G,VVS2,61.8,56,8753,6.58,6.62,4.08
20377,0.31,Ideal,H,VVS2,62.4,57,625,4.32,4.36,2.71
20448,1.51,Premium,I,SI1,62.7,61,8794,7.33,7.27,4.58
20558,1.2,Very Good,F,VS2,63.5,57,8870,6.73,6.65,4.25
20569,1.51,Fair,I,VS2,64.8,60,8879,7.18,7.1,4.63
20577,1.71,Premium,J,VS2,60.3,61,8887,7.74,7.69,4.65
20613,1.14,Very Good,F,VVS2,63.3,56,8912,6.56,6.71,4.2
20682,1.26,Ideal,H,VS1,61,57,8959,6.97,7.03,4.27
20772,1.5,Very Good,D,SI2,58.7,57,9009,7.42,7.48,4.37
20918,1.03,Ideal,F,VVS2,62.1,55,9131,6.47,6.5,4.03
20934,1.01,Very Good,E,VVS2,63.3,55,9140,6.41,6.36,4.04
20952,1.2,Very Good,G,VVS2,60.7,60,9169,6.8,6.84,4.14
20983,1.71,Premium,H,SI1,58.1,59,9193,7.88,7.81,4.56
21012,1.17,Ideal,G,VVS2,60.6,56,9225,6.87,6.84,4.15
21019,1.01,Premium,F,VVS2,60.4,59,9231,6.49,6.45,3.91
21065,1.24,Ideal,E,VS2,62,57,9240,6.87,6.9,4.27
21124,1.21,Ideal,G,VS1,62,55,9287,6.84,6.88,4.25
21194,1.51,Good,E,SI2,63.1,58,9343,7.28,7.31,4.6
21237,1.5,Very Good,G,SI2,63.1,57,9384,7.29,7.25,4.59
21294,1.21,Ideal,E,VS2,60.3,60,9449,6.92,6.88,4.16
21310,1.04,Ideal,G,VVS2,61.7,56,9465,6.5,6.54,4.02
21346,1.27,Ideal,G,VS2,61.9,57,9489,6.9,6.93,4.28
21376,0.34,Very Good,D,SI1,60.2,60,626,4.5,4.54,2.72
21452,1.72,Premium,H,SI1,62,57,9551,7.67,7.63,4.74
21465,1.54,Ideal,H,SI1,61.1,56,9562,7.45,7.42,4.54
21484,1.35,Premium,G,VS2,61.1,58,9580,7.16,7.12,4.36
21509,1.62,Ideal,I,VS2,62.4,57,9604,7.45,7.51,4.67
21528,1.06,Ideal,D,VS1,62,57,9625,6.49,6.54,4.04
21541,1.01,Very Good,E,VVS2,63.4,56,9642,6.32,6.37,4.02
21590,1.51,Very Good,H,SI1,62.1,59,9694,7.28,7.33,4.54
21612,1.04,Very Good,E,VVS2,62.8,58,9705,6.42,6.45,4.04
21627,1.53,Premium,F,SI2,62.6,57,9716,7.37,7.33,4.6
21642,1.11,Ideal,G,VVS2,61.8,56,9734,6.66,6.69,4.12
21661,1.5,Very Good,I,VS1,60.4,59,9759,7.35,7.42,4.46
21763,1.5,Ideal,E,SI1,61.9,57,9828,7.37,7.31,4.54
21791,1.05,Premium,E,VVS2,59.6,60,9858,6.61,6.58,3.93
21811,1.04,Premium,E,VVS2,62.8,58,9882,6.45,6.42,4.04
21837,1.16,Ideal,G,IF,62,57,9901,6.7,6.73,4.16
21903,1.01,Very Good,F,IF,63.5,59,9972,6.29,6.41,4.03
21916,1.5,Very Good,H,SI1,61,55,9987,7.35,7.44,4.51
21925,1.23,Very Good,G,VVS2,62.2,57,9999,6.8,6.87,4.25
22095,1.25,Ideal,D,VS2,62.6,56,10114,6.87,6.84,4.29
22140,1.21,Ideal,F,VS2,61.5,54,10177,6.88,6.89,4.24
22317,1.58,Ideal,J,VVS1,61.5,56,10357,7.48,7.5,4.61
22409,1.21,Very Good,E,VS1,60,58,10430,6.89,6.97,4.16
22539,1,Ideal,F,VVS2,61.3,53,10577,6.44,6.48,3.96
22603,1.51,Ideal,I,VS1,63.2,57,10655,7.4,7.28,4.62
22630,1.57,Very Good,I,VS1,62.7,58,10682,7.41,7.43,4.65
22651,1.51,Good,E,SI1,63.5,57,10696,7.23,7.28,4.61
22712,1.53,Premium,I,VS1,62.4,59,10729,7.3,7.34,4.57
22804,2.02,Ideal,H,SI2,62.1,57,10826,8.13,8.09,5.04
22904,1.71,Ideal,J,VVS2,61.6,59,10945,7.65,7.68,4.72
22919,1.51,Ideal,H,VS2,64.2,59,10959,7.22,7.16,4.62
22949,1.06,Ideal,F,IF,61,57,10995,6.55,6.64,4.02
23002,2.02,Premium,I,VS2,61.2,60,11059,8.22,8.13,5
23076,1.52,Ideal,G,SI1,60.3,57,11105,7.47,7.51,4.52
23135,1.66,Ideal,I,VS2,62.3,54,11156,7.58,7.61,4.73
23137,2.01,Fair,E,SI2,65.5,56,11156,7.84,7.79,5.12
23146,1.51,Ideal,H,SI1,62.3,54,11163,7.37,7.33,4.58
23158,1.21,Premium,F,VVS1,63,59,11175,6.75,6.7,4.24
23169,1.2,Good,F,VVS1,63.6,57,11182,6.74,6.71,4.28
23189,1.06,Ideal,F,IF,61,57,11195,6.64,6.55,4.02
23205,1.51,Good,D,SI1,63.6,61,11212,7.1,7.25,4.56
23212,1.5,Very Good,H,VS2,60,62,11220,7.38,7.41,4.44
23264,1.04,Very Good,E,IF,63.6,58,11269,6.41,6.43,4.08
23289,2.08,Good,I,SI2,57,63,11313,8.49,8.45,4.83
23311,1.71,Premium,G,SI2,60.9,58,11351,7.72,7.68,4.69
23430,1.28,Ideal,E,VS1,61.7,57,11419,6.93,6.97,4.29
23432,1.53,Premium,G,SI1,62.3,58,11421,7.35,7.3,4.56
23455,1.91,Ideal,J,SI1,60.7,56,11447,8.01,8.09,4.89
23459,1.71,Ideal,I,VS2,60.5,56,11455,7.71,7.73,4.67
23563,1.02,Ideal,D,VVS2,62.2,59,11573,6.41,6.46,4
23587,1.55,Very Good,H,VS2,61.3,61,11602,7.39,7.46,4.55
23602,1.51,Ideal,E,SI1,61.3,57,11628,7.35,7.42,4.53
23691,2.19,Good,I,SI2,63.7,57,11756,8.23,8.19,5.23
23726,0.25,Very Good,E,VVS1,62.3,55,633,4.04,4.06,2.52
23829,1.56,Premium,F,SI1,60.7,59,11901,7.55,7.45,4.55
23858,1.8,Premium,I,SI1,61.9,60,11948,7.78,7.74,4.8
23938,1.5,Premium,D,SI1,62.4,58,12069,7.27,7.31,4.55
24057,0.31,Ideal,I,IF,62,54,635,4.36,4.42,2.72
24082,1.56,Premium,D,SI1,62.6,58,12226,7.36,7.44,4.63
24250,1.58,Very Good,H,VVS2,60.9,58,12459,7.56,7.65,4.63
24252,1.51,Ideal,F,SI1,62.3,57,12459,7.33,7.3,4.56
24341,2.01,Ideal,J,SI1,62.3,57,12607,8.05,7.99,5
24360,1.58,Ideal,F,SI1,60.3,56,12621,7.56,7.62,4.58
24368,0.31,Ideal,D,VS2,62.1,55,636,4.32,4.38,2.7
24379,0.31,Ideal,E,VS1,60.1,55,638,4.42,4.53,2.69
24405,1.58,Premium,G,VS1,62.1,59,12645,7.46,7.43,4.62
24428,2.02,Premium,H,SI2,61.7,61,12680,8.14,8.08,5.01
24434,1.65,Very Good,H,VS1,62,54,12686,7.55,7.62,4.7
24510,1.13,Ideal,D,VVS2,62.3,54,12788,6.64,6.7,4.16
24528,1.66,Very Good,E,SI1,61.7,58,12818,7.52,7.59,4.66
24537,2.18,Good,H,SI1,63.8,57,12825,8.24,8.17,5.23
24564,2.18,Very Good,J,SI2,62.6,58,12853,8.23,8.25,5.16
24565,2.05,Premium,G,SI2,62.1,56,12857,8.18,8.1,5.04
24590,1.51,Premium,F,VS2,61.8,56,12899,7.46,7.32,4.57
24614,1.81,Premium,I,VS2,62.7,58,12939,7.77,7.68,4.84
24743,2.09,Premium,J,SI2,60,60,13092,8.32,8.37,5.01
24803,2.1,Ideal,I,SI1,61.7,55,13182,8.21,8.13,5.04
24831,1.53,Very Good,G,VS1,60.3,59,13228,7.52,7.58,4.55
24873,1.64,Ideal,F,SI1,61.8,55,13289,7.6,7.58,4.69
24880,1.7,Premium,H,VS2,62.4,57,13298,7.6,7.54,4.72
24919,1.91,Premium,I,SI1,60.9,53,13367,8.11,8.07,4.93
24930,1.5,Ideal,G,VS1,61.8,56,13377,7.38,7.31,4.54
25053,1.58,Ideal,E,SI1,61,57,13557,7.55,7.5,4.59
25180,2,Fair,H,SI1,61.2,50,13764,8.17,8.08,4.97
25299,2.08,Good,I,SI2,63.8,58,13956,8.02,8.1,5.14
25464,2.1,Very Good,J,VS2,61.3,59,14229,8.21,8.27,5.05
25559,2.15,Ideal,I,SI2,61.7,55,14388,8.24,8.43,5.14
25639,2.04,Very Good,I,SI2,60.9,57,14527,8.14,8.19,4.97
25647,1.51,Premium,G,VS1,62.2,58,14542,7.29,7.35,4.55
25650,2.51,Premium,H,SI2,60.6,61,14543,8.88,8.68,5.29
25752,1.52,Ideal,G,VS2,61.4,56,14692,7.39,7.47,4.56
25781,2.06,Fair,J,VS1,64.6,58,14750,7.91,8.04,5.15
25863,2.04,Premium,H,SI2,60.8,58,14945,8.23,8.14,4.98
25864,2.08,Premium,I,SI2,62.3,58,14947,8.18,8.13,5.08
25894,1.5,Very Good,F,VS1,61.6,58,15022,7.35,7.43,4.55
26010,1.52,Ideal,E,VS2,62.2,57,15239,7.34,7.38,4.58
26195,2.01,Fair,G,SI2,65.6,56,15562,7.89,7.84,6.16
26227,1.52,Very Good,F,VS2,62.9,53.3,15649,7.31,7.36,4.61
26306,1.7,Premium,E,SI1,61.8,58,15804,7.62,7.52,4.68
26455,2.07,Premium,I,SI1,62.3,60,15992,8.16,8.12,5.07
26472,1.53,Premium,E,VS2,61.6,58,16049,7.35,7.32,4.52
26508,1.2,Ideal,D,VVS2,61.9,56,16130,6.81,6.83,4.22
26541,2.09,Very Good,F,SI2,62.5,60,16210,8.14,8.06,5.06
26609,2.54,Very Good,H,SI2,63.5,56,16353,8.68,8.65,5.5
26692,0.28,Very Good,H,VS1,61.9,56,429,4.18,4.2,2.59
26823,2.17,Ideal,I,SI1,62.1,57,16716,8.26,8.32,5.15
26838,2.01,Good,H,SI1,62.2,58,16737,7.99,8.05,4.99
26845,2.01,Good,D,SI2,59.9,65,16776,8.07,8,4.81
26872,2.04,Ideal,H,SI2,61.5,57,16800,8.15,8.18,5.02
26897,2.01,Premium,F,SI2,60.3,60,16881,8.11,8.08,4.88
27028,2.42,Premium,J,VS2,61.3,59,17168,8.61,8.58,5.27
27176,2,Good,H,SI1,58,58,17447,8.21,8.26,4.78
27248,1.51,Ideal,E,VS1,62.2,57,17649,7.37,7.32,4.57
27327,2,Good,F,SI1,63,64,17869,7.67,7.76,4.86
27353,2.39,Very Good,J,VS1,59.6,60,17920,8.71,8.77,5.21
27373,0.34,Ideal,H,SI1,61.5,55,647,4.53,4.55,2.79
27470,2.04,Very Good,I,VS1,61.8,60,18127,8.11,8.21,5.04
27515,3.01,Premium,I,SI2,60.2,59,18242,9.36,9.31,5.62
27565,2,Premium,H,SI1,63,56,18371,7.98,7.93,5.01
27574,2.02,Very Good,H,VS2,62.7,58,18398,7.96,8.01,5.01
27605,2.15,Ideal,H,SI1,61.5,60,18470,8.17,8.29,5.06
27630,2.22,Ideal,I,VS2,61.3,56,18531,8.45,8.36,5.15
27664,2.29,Premium,I,VS2,60.8,60,18653,8.47,8.5,5.16
27682,2.22,Premium,J,VS1,60,60,18706,8.49,8.43,5.08
27733,1.71,Ideal,G,VVS2,62.1,55,18768,7.66,7.63,4.75
27768,0.32,Premium,H,VS2,60.7,61,648,4.41,4.39,2.67
27771,0.32,Ideal,H,VS2,62,55,648,4.4,4.38,2.72
27790,0.37,Premium,E,SI1,59.3,58,649,4.73,4.75,2.81
27808,0.23,Ideal,F,VVS2,61.6,54,650,3.97,3.99,2.45
27936,0.28,Ideal,G,SI1,60.7,56,430,4.25,4.28,2.59
27957,0.27,Ideal,I,VS1,61.9,55,432,4.16,4.18,2.58
28003,0.3,Premium,E,VS2,61.6,58,658,4.31,4.33,2.66
28101,0.31,Very Good,F,SI1,63.1,55,663,4.34,4.28,2.72
28102,0.34,Ideal,G,VS2,62.4,57,663,4.48,4.46,2.79
28103,0.31,Ideal,F,SI1,62.3,56,663,4.35,4.32,2.7
28116,0.42,Ideal,F,SI2,62.1,56,663,4.8,4.83,2.99
28143,0.3,Ideal,G,VVS2,61.8,54,665,4.33,4.34,2.68
28153,0.3,Ideal,H,VVS1,61.1,58,665,4.33,4.35,2.65
28198,0.4,Premium,D,SI2,61.1,58,666,4.73,4.76,2.9
28200,0.4,Premium,E,SI2,61.4,59,666,4.7,4.75,2.9
28210,0.4,Premium,D,SI2,62.4,58,666,4.69,4.73,2.94
28272,0.32,Good,D,I1,64,54,361,4.33,4.36,2.78
28393,0.33,Good,H,VS2,63.8,55,668,4.44,4.4,2.82
28428,0.3,Ideal,D,VS2,61.4,54,670,4.34,4.39,2.68
28445,0.31,Ideal,G,VVS2,61.5,57,671,4.32,4.36,2.67
28476,0.32,Ideal,G,VS2,62.4,55,672,4.39,4.36,2.73
28495,0.3,Ideal,E,VS2,61.8,55,673,4.32,4.33,2.68
28607,0.3,Premium,E,SI1,61.3,60,675,4.31,4.27,2.63
28616,0.3,Premium,E,SI1,62.5,60,675,4.27,4.24,2.66
28823,0.41,Good,H,SI1,63.8,56,683,4.69,4.74,3.01
28866,0.37,Good,H,SI1,64,55,684,4.57,4.53,2.91
28939,0.3,Very Good,G,VVS2,62.9,55,684,4.3,4.32,2.71
28957,0.31,Good,I,VS2,63.2,55,435,4.3,4.4,2.75
29099,0.36,Ideal,D,SI2,62.3,57,689,4.57,4.52,2.83
29156,0.3,Ideal,H,VS1,61.5,57,693,4.27,4.31,2.64
29217,0.38,Ideal,G,SI1,60.6,57,695,4.71,4.76,2.87
29437,0.42,Premium,H,SI1,60.9,58,700,4.84,4.85,2.95
29565,0.41,Good,F,SI1,63.4,57,705,4.73,4.74,3
29569,0.41,Very Good,E,SI1,60.5,63,705,4.77,4.81,2.9
29717,0.31,Ideal,G,VVS2,61.9,55,707,4.33,4.36,2.69
29788,0.3,Ideal,D,SI1,61.4,55,709,4.34,4.29,2.65
29799,0.3,Ideal,D,SI1,62.2,55,709,4.33,4.29,2.68
30064,0.34,Ideal,G,VS1,60.6,57,720,4.52,4.57,2.75
30113,0.32,Premium,G,VS2,60.5,58,720,4.42,4.41,2.67
30180,0.39,Premium,H,SI2,62.4,59,721,4.65,4.58,2.88
30200,0.42,Good,F,SI1,63.3,56,722,4.75,4.79,3.02
30259,0.34,Very Good,D,VS1,59.8,57,725,4.54,4.59,2.73
30314,0.4,Ideal,D,SI1,61.3,57,726,4.74,4.79,2.92
30475,0.31,Ideal,I,VVS1,62,54,732,4.37,4.34,2.7
30530,0.38,Premium,D,SI1,60.7,60,733,4.63,4.69,2.83
30632,0.31,Ideal,D,VS2,62.2,55,734,4.31,4.34,2.69
30641,0.36,Ideal,I,IF,62,55,735,4.59,4.61,2.85
30661,0.3,Premium,F,VVS2,61.6,58,737,4.28,4.35,2.66
30723,0.41,Good,D,SI1,63.3,55,738,4.74,4.77,3.01
30759,0.25,Premium,E,VVS2,61.5,59,740,4.04,4.02,2.48
30841,0.33,Premium,H,VS1,61,59,743,4.5,4.45,2.73
30876,0.33,Premium,E,SI1,60.4,59,743,4.47,4.43,2.69
30893,0.38,Very Good,E,VS2,60.4,58,744,4.67,4.7,2.83
30919,0.34,Ideal,E,VS2,62.4,54,745,4.48,4.49,2.8
30963,0.36,Ideal,G,VS1,61.3,56,746,4.6,4.64,2.83
30993,0.37,Premium,G,VS1,59.5,58,746,4.67,4.71,2.79
31017,0.31,Very Good,G,VVS1,61.5,55,749,4.36,4.4,2.69
31021,0.37,Premium,I,VS1,61.4,59,749,4.61,4.55,2.81
31044,0.33,Ideal,F,VVS2,62.4,55,750,4.43,4.45,2.77
31124,0.43,Very Good,G,SI1,60.4,58,754,4.87,4.9,2.95
31175,0.35,Ideal,G,VVS2,61.8,55,756,4.54,4.56,2.81
31191,0.32,Ideal,D,SI1,62,57,756,4.42,4.38,2.73
31433,0.3,Ideal,H,IF,61.2,56,764,4.36,4.37,2.67
31474,0.34,Premium,H,VS1,60.8,59,765,4.53,4.48,2.74
31516,0.34,Premium,E,SI1,60.3,57,765,4.56,4.53,2.74
31551,0.31,Ideal,D,VS1,60.5,57,766,4.4,4.43,2.67
31601,0.2,Premium,D,VS2,62.3,60,367,3.73,3.68,2.31
31742,0.41,Premium,G,VS2,60.7,59,772,4.8,4.85,2.93
31785,0.42,Premium,F,SI1,60,59,773,4.85,4.88,2.92
31786,0.42,Ideal,E,SI1,61.5,55,773,4.82,4.9,2.99
31936,0.3,Premium,F,VS2,60.6,60,776,4.39,4.36,2.65
31956,0.31,Ideal,I,VS2,61.4,55,452,4.35,4.41,2.69
31984,0.3,Ideal,F,VS2,62.7,57,776,4.31,4.27,2.69
31987,0.3,Premium,F,VS2,61.5,60,776,4.29,4.26,2.63
32040,0.3,Ideal,E,VVS2,62.3,54.1,779,4.28,4.34,2.69
32066,0.33,Ideal,D,SI1,62.8,56,780,4.43,4.39,2.77
32074,0.36,Very Good,F,VS1,61.3,54,781,4.63,4.65,2.84
32102,0.33,Ideal,D,VS2,62.5,56,781,4.43,4.46,2.78
32111,0.47,Ideal,H,SI2,61.8,54,782,5.01,5.05,3.11
32136,0.3,Ideal,E,VVS2,60.9,57,786,4.32,4.35,2.64
32148,0.4,Good,D,VS2,63.2,57,786,4.65,4.71,2.96
32160,0.39,Ideal,G,VS2,62.2,53.9,787,4.66,4.69,2.9
32193,0.35,Premium,H,VS1,62.6,58,788,4.52,4.49,2.82
32211,0.31,Premium,D,VS1,59.7,58,788,4.4,4.45,2.64
32237,0.31,Ideal,G,VVS1,61,56,789,4.36,4.4,2.67
32280,0.3,Ideal,G,VVS1,62.3,54,789,4.31,4.33,2.69
32300,0.34,Ideal,E,SI2,61.4,55,454,4.5,4.52,2.77
32315,0.36,Ideal,E,VS2,60.8,56,789,4.6,4.64,2.81
32360,0.36,Premium,E,VS2,62,58,789,4.54,4.56,2.82
32367,0.32,Ideal,E,VVS2,62,54,790,4.41,4.43,2.74
32444,0.43,Premium,F,SI1,61.3,60,792,4.83,4.86,2.97
32513,0.4,Ideal,D,SI2,61.3,56,798,4.77,4.72,2.91
32583,0.31,Premium,F,VVS1,59.7,59,801,4.45,4.49,2.67
32604,0.31,Premium,F,VS2,59.7,60,802,4.42,4.39,2.63
32606,0.31,Ideal,G,VS1,61.3,56,802,4.38,4.36,2.68
32642,0.31,Ideal,H,VVS2,62.5,55,802,4.37,4.34,2.72
32681,0.31,Premium,G,VS1,62.1,58,802,4.36,4.31,2.69
32690,0.31,Good,G,VS1,63.8,57,802,4.33,4.29,2.75
32696,0.31,Ideal,F,VS2,60.8,56,802,4.41,4.38,2.67
32745,0.31,Ideal,D,VS2,60.7,57,803,4.37,4.4,2.66
32767,0.34,Ideal,D,SI1,61.2,57,803,4.51,4.48,2.75
32789,0.32,Ideal,D,VVS2,60.3,58,804,4.43,4.46,2.68
32852,0.4,Ideal,G,VS2,61.2,57,807,4.73,4.78,2.91
32901,0.3,Very Good,I,IF,63.3,56,810,4.26,4.21,2.68
32915,0.42,Very Good,D,SI1,62.8,58,810,4.76,4.79,3
32926,0.42,Ideal,D,SI1,61.9,57,810,4.77,4.82,2.97
33125,0.31,Very Good,G,VVS1,62.5,57,816,4.3,4.4,2.72
33144,0.31,Premium,G,VVS1,62.2,59,816,4.3,4.32,2.68
33154,0.31,Premium,G,VVS1,59.5,60,816,4.39,4.41,2.62
33200,0.3,Premium,G,VVS2,62.9,58,819,4.29,4.26,2.69
33262,0.34,Ideal,E,VVS2,62.3,55,826,4.49,4.53,2.81
33333,0.41,Good,I,VVS2,63.5,57,827,4.72,4.76,3.01
33368,0.41,Very Good,H,VS1,62,56,827,4.74,4.78,2.95
33519,0.33,Ideal,F,VVS1,62,59,829,4.42,4.45,2.75
33572,0.45,Ideal,G,SI1,61.6,54,831,4.96,4.98,3.06
33670,0.38,Ideal,I,VVS2,62,55,836,4.65,4.67,2.89
33681,0.3,Ideal,E,VVS2,61.3,54,837,4.34,4.37,2.67
33989,0.42,Very Good,G,VS2,60.1,61,847,4.81,4.84,2.9
34094,0.43,Ideal,I,SI1,60.9,57,852,4.88,4.9,2.98
34127,0.39,Very Good,G,VVS1,62.7,58,854,4.65,4.69,2.93
34193,0.33,Premium,F,VS2,60.8,58,854,4.47,4.44,2.71
34260,0.3,Ideal,F,VVS1,62.6,56,857,4.26,4.29,2.67
34433,0.3,Ideal,G,IF,62.3,55,863,4.3,4.33,2.69
34452,0.32,Ideal,I,IF,60.8,54,864,4.47,4.44,2.71
34559,0.41,Very Good,D,VS2,63.8,56,871,4.69,4.74,3.01
34596,0.27,Very Good,E,VS2,63.1,57,470,4.07,4.11,2.58
34630,0.31,Ideal,E,VS2,61.6,56,872,4.4,4.37,2.7
35076,0.3,Very Good,F,IF,62,58,886,4.28,4.3,2.66
35084,0.3,Ideal,F,IF,61.8,54,886,4.34,4.36,2.69
35096,0.3,Ideal,F,IF,61.7,58,886,4.3,4.32,2.66
35157,0.31,Very Good,G,IF,61.6,54,891,4.4,4.43,2.72
35295,0.3,Premium,H,VS2,62.5,59,473,4.23,4.28,2.66
35328,0.38,Ideal,H,VVS2,62.1,54,898,4.62,4.66,2.88
35475,0.39,Ideal,G,VVS2,60.7,55,902,4.75,4.78,2.89
35514,0.4,Ideal,H,VVS2,61.4,55.7,905,4.72,4.77,2.92
35576,0.35,Ideal,F,VS2,60.8,57,906,4.56,4.52,2.76
35605,0.31,Very Good,H,VVS1,63.3,58,907,4.32,4.28,2.72
35643,0.31,Ideal,G,VVS2,62.4,56,907,4.36,4.33,2.71
35673,0.37,Ideal,G,VVS2,62,56,909,4.62,4.64,2.87
35760,0.44,Ideal,I,VVS2,60.8,56,912,4.9,4.93,2.99
35766,0.4,Ideal,E,VS2,62.3,56,912,4.72,4.75,2.95
35828,0.41,Very Good,H,VS2,60,57,915,4.92,4.88,2.94
35843,0.34,Very Good,G,IF,59.4,56,917,4.59,4.63,2.74
35943,0.33,Ideal,G,SI1,61.3,56,475,4.45,4.49,2.74
36034,0.41,Premium,G,SI1,60.3,60,923,4.8,4.76,2.88
36063,0.31,Ideal,G,IF,61.6,55,924,4.34,4.39,2.69
36154,0.33,Ideal,E,VS2,62.3,57,928,4.43,4.4,2.75
36207,0.33,Ideal,F,VVS1,61.4,57,932,4.49,4.47,2.75
36277,0.3,Ideal,G,SI1,62.3,56,477,4.27,4.3,2.67
36317,0.32,Premium,G,VVS2,60.2,60,936,4.45,4.42,2.67
36376,0.31,Premium,F,VVS1,59.9,59,940,4.45,4.43,2.66
36397,0.31,Ideal,E,VS1,61.9,56,942,4.34,4.32,2.68
36431,0.31,Ideal,D,VS2,61.9,56,942,4.38,4.37,2.71
36478,0.43,Premium,G,VS1,61.8,59,943,4.83,4.88,3
36601,0.32,Ideal,G,SI1,61.3,56,477,4.39,4.42,2.7
36721,0.41,Very Good,E,VS1,63.2,59,954,4.71,4.75,2.99
36745,0.41,Good,E,VS1,61.3,61,954,4.77,4.79,2.93
36805,0.3,Ideal,G,IF,62.1,55,956,4.35,4.31,2.69
36841,0.37,Very Good,G,VS1,63.1,56,957,4.59,4.57,2.89
36883,0.31,Ideal,E,IF,62.2,53,958,4.35,4.4,2.72
36886,0.34,Ideal,F,VVS1,61.7,55,959,4.51,4.5,2.78
36984,0.24,Ideal,F,VVS1,61.1,56,963,4.01,4.05,2.47
36985,0.5,Very Good,J,SI1,63.3,60,963,4.99,4.97,3.15
37049,0.31,Ideal,E,VS1,61.2,55,967,4.42,4.4,2.7
37136,0.42,Ideal,G,SI2,60.9,56,971,4.87,4.89,2.97
37138,0.33,Ideal,F,IF,61.3,55,971,4.48,4.49,2.75
37260,0.31,Premium,F,IF,61.9,58,977,4.39,4.36,2.71
37281,0.23,Ideal,H,VVS1,61.1,55,484,3.98,4.01,2.44
37346,0.31,Premium,F,VVS1,59.4,58,982,4.45,4.41,2.63
37599,0.23,Very Good,E,VVS2,59,63,485,3.98,4.05,2.37
37774,0.41,Ideal,E,VS2,62.3,56,999,4.77,4.74,2.96
37783,0.38,Premium,E,VS1,60.7,59,1000,4.65,4.7,2.84
37815,0.52,Premium,G,SI2,62.5,59,1001,5.1,5.07,3.18
37816,0.36,Ideal,D,VS1,61.8,55,1002,4.58,4.54,2.82
37852,0.46,Fair,G,VS2,65.3,56,1002,4.83,4.76,3.13
37861,0.44,Ideal,E,VS2,61.9,55,1003,4.86,4.89,3.02
37921,0.23,Very Good,E,VVS1,63.3,57,485,3.88,3.95,2.48
37967,0.41,Very Good,F,VS1,60.8,58,1007,4.76,4.82,2.91
38006,0.43,Very Good,F,VS1,63.4,57,1008,4.8,4.76,3.03
38060,0.38,Ideal,E,VVS2,62.5,53,1013,4.62,4.66,2.9
38141,0.3,Ideal,G,VVS1,62.6,54,1013,4.28,4.25,2.67
38173,0.42,Ideal,E,VS1,61.7,57,1014,4.78,4.81,2.96
38196,0.5,Very Good,D,SI2,63.1,56,1015,5.05,4.96,3.16
38411,0.35,Premium,G,VVS2,62.2,58,1024,4.54,4.49,2.81
38498,0.42,Ideal,G,VVS2,62.7,56,1031,4.74,4.77,2.98
38567,0.4,Ideal,H,VS1,61.8,56,1035,4.78,4.74,2.94
38592,0.43,Ideal,G,VVS1,61.4,57,1037,4.85,4.89,2.99
38595,0.45,Fair,F,VS2,64.2,58,1037,4.9,4.75,3.1
38624,0.31,Premium,I,VS1,62.6,59,489,4.29,4.33,2.7
38647,0.44,Premium,H,VS2,61.3,58,1040,4.91,4.88,3
38656,0.42,Ideal,D,SI1,62,55,1040,4.84,4.83,3
38679,0.3,Ideal,D,VVS2,61.7,57,1041,4.3,4.32,2.66
38685,0.3,Ideal,F,VVS1,61.7,57,1041,4.28,4.31,2.65
38723,0.41,Premium,H,VVS1,60.4,58,1043,4.79,4.85,2.91
38789,0.31,Premium,G,VVS1,59.5,60,1046,4.41,4.39,2.62
38797,0.31,Ideal,G,VVS1,61.6,56,1046,4.39,4.35,2.69
39007,0.4,Ideal,E,VVS2,61.6,56,1056,4.78,4.73,2.93
39009,0.4,Ideal,E,VVS2,61.5,55,1056,4.79,4.77,2.94
39035,0.41,Ideal,H,SI1,61.3,55,1056,4.81,4.85,2.96
39156,0.36,Ideal,F,IF,61.4,56,1063,4.57,4.61,2.82
39193,0.4,Ideal,D,VS1,62.3,54,1064,4.7,4.74,2.94
39299,0.3,Ideal,I,VS1,62,58,491,4.28,4.3,2.66
39318,0.38,Ideal,F,VVS1,61,57,1070,4.66,4.69,2.85
39392,0.55,Ideal,I,SI1,61.4,54,1076,5.3,5.35,3.27
39505,0.51,Ideal,J,VS2,62.5,57,1080,5.04,5.08,3.16
39603,0.35,Ideal,I,SI1,62.2,54,491,4.52,4.55,2.82
39648,0.47,Very Good,F,SI1,63.3,60,1086,4.98,4.94,3.14
39666,0.42,Premium,G,VS2,60.1,61,1087,4.86,4.79,2.9
39737,0.38,Ideal,D,VS1,62.1,53.9,1092,4.65,4.67,2.9
39779,0.36,Ideal,D,VS2,60.6,57,1094,4.61,4.57,2.78
39811,0.5,Very Good,E,SI2,59.9,57,1097,5.12,5.16,3.08
39840,0.52,Ideal,H,SI1,61.9,56,1098,5.16,5.22,3.2
39845,0.41,Ideal,H,IF,61.1,54,1099,4.8,4.85,2.95
39884,0.42,Ideal,G,VVS2,62.1,57,1103,4.8,4.77,2.97
39905,0.49,Premium,H,VS2,59.5,62,1103,5.14,5.12,3.05
39927,0.42,Ideal,E,VS1,61.6,57,1105,4.8,4.84,2.97
39937,0.24,Very Good,D,VVS2,62.9,59,492,3.95,3.97,2.49
39940,0.24,Very Good,D,VVS1,61.9,54,492,3.99,4.02,2.48
40003,0.41,Ideal,F,VS2,61.8,57,1107,4.79,4.75,2.95
40011,0.41,Ideal,F,VS2,62.8,57,1107,4.76,4.73,2.98
40069,0.43,Premium,G,VS2,62.9,59,1113,4.83,4.78,3.02
40144,0.49,Very Good,F,SI1,62.5,57,1116,4.99,5.02,3.13
40166,0.39,Very Good,F,VVS2,58.2,62,1117,4.77,4.82,2.79
40177,0.43,Ideal,G,VVS1,61.5,56,1118,4.87,4.89,3
40210,0.31,Premium,F,IF,60.8,59,1122,4.39,4.36,2.66
40255,0.38,Ideal,G,IF,62,54,1125,4.66,4.7,2.9
40312,0.4,Ideal,E,VS1,62.3,56,1125,4.73,4.71,2.94
40334,0.4,Ideal,F,VVS1,61.5,56,1128,4.73,4.77,2.92
40340,0.39,Premium,E,VVS2,61.1,59,1129,4.68,4.74,2.88
40432,0.42,Ideal,G,SI1,61.6,56,1136,4.83,4.85,2.98
40452,0.76,Fair,H,I1,64.5,57,1140,5.79,5.76,3.73
40522,0.51,Good,D,SI2,64.2,56,1146,5.02,5.05,3.23
40615,0.23,Good,E,VVS1,56.3,62,498,4.1,4.11,2.31
40718,0.51,Fair,G,SI1,64.5,56,1160,5.06,5.01,3.25
40720,0.38,Ideal,F,VVS1,61.1,57,1160,4.71,4.69,2.87
40806,0.63,Premium,E,SI2,58.9,59,1169,5.64,5.6,3.31
40813,0.54,Ideal,I,SI1,62.4,55,1170,5.19,5.23,3.25
40961,0.42,Ideal,G,VVS1,61.2,56,1179,4.85,4.86,2.97
41047,0.5,Ideal,J,VS2,61.6,56,1188,5.08,5.14,3.15
41086,0.41,Ideal,F,VVS2,61.9,55,1192,4.79,4.74,2.95
41147,0.5,Very Good,F,SI1,61,60,1197,5.08,5.11,3.11
41152,0.45,Good,D,VS2,63.7,61,1197,4.81,4.73,3.04
41173,0.4,Ideal,G,VVS1,61.4,55,1200,4.76,4.72,2.91
41215,0.4,Ideal,F,VVS1,61.7,57,1206,4.75,4.72,2.92
41240,0.57,Very Good,J,VS2,63.3,56,1207,5.28,5.24,3.33
41290,0.5,Good,D,SI1,63.9,56,1210,5.02,4.93,3.18
41313,0.41,Ideal,F,VVS1,61.8,54,1213,4.78,4.83,2.97
41360,0.58,Very Good,H,SI1,61.8,56,1219,5.34,5.38,3.31
41441,0.61,Ideal,G,SI2,59.5,57,1228,5.55,5.51,3.29
41479,0.56,Premium,J,VS2,60.9,60,1232,5.33,5.27,3.23
41555,0.5,Very Good,G,SI1,62.1,59,1237,5.09,5.12,3.17
41562,0.5,Ideal,G,SI1,61.7,57,1237,5.06,5.08,3.13
41662,0.54,Ideal,J,VVS1,62.2,54,1239,5.23,5.25,3.26
41847,0.54,Very Good,F,SI1,63,57,1255,5.18,5.23,3.28
41866,0.38,Premium,F,VVS1,61.6,58,1257,4.65,4.61,2.85
41911,0.47,Ideal,E,VS2,61.7,56,1261,5.01,4.98,3.08
41962,0.23,Very Good,E,VVS2,61.4,62,505,3.9,3.95,2.41
41982,0.51,Ideal,D,SI2,62.5,55,1264,5.12,5.15,3.21
42073,0.55,Good,D,SI2,63.3,56,1272,5.21,5.24,3.31
42075,0.6,Premium,F,SI2,59.5,61,1272,5.48,5.45,3.26
42121,0.5,Good,F,VS2,57.8,63,1279,5.2,5.15,2.99
42159,0.51,Very Good,E,SI1,59.4,57,1284,5.2,5.24,3.1
42169,0.59,Very Good,E,SI2,63.8,57,1286,5.31,5.34,3.4
42178,0.43,Ideal,G,IF,61.7,57,1286,4.83,4.86,2.99
42210,0.52,Very Good,D,SI2,62.9,56,1289,5.14,5.17,3.24
42248,0.57,Ideal,H,SI1,61.8,54,1292,5.35,5.37,3.31
42266,0.44,Ideal,G,VVS1,61.6,56,1294,4.9,4.88,3.01
42336,0.55,Ideal,I,VS1,62.5,57,1297,5.19,5.25,3.26
42446,0.57,Very Good,E,SI2,61.2,57,1315,5.31,5.35,3.26
42584,0.52,Ideal,E,SI1,61.4,57,1330,5.15,5.18,3.17
42635,0.58,Premium,H,SI1,62.1,55,1332,5.38,5.35,3.33
42642,0.5,Ideal,F,SI1,61.5,55,1332,5.16,5.12,3.16
42676,0.53,Ideal,F,SI2,60.3,56,1335,5.25,5.3,3.18
42855,0.41,Premium,D,VVS2,61.2,62,1356,4.82,4.78,2.94
42900,0.54,Good,H,VS1,63.2,58,1361,5.12,5.16,3.25
42927,0.57,Good,F,SI1,63.2,55,1364,5.26,5.31,3.34
42963,0.42,Very Good,E,VVS1,60.5,55,1365,4.85,4.9,2.95
42964,0.47,Ideal,I,VVS1,61.6,55,1365,4.99,5.01,3.08
42981,0.41,Ideal,E,VVS1,61.3,56,1367,4.79,4.81,2.94
43006,0.52,Very Good,G,VS2,63,56,1369,5.09,5.13,3.22
43092,0.41,Ideal,E,VVS2,61.1,57,1381,4.82,4.77,2.93
43098,0.52,Ideal,F,SI1,62,55,1383,5.14,5.17,3.19
43130,0.51,Very Good,D,SI1,62.3,63,1387,5.08,5.03,3.15
43140,0.58,Good,G,SI1,63.8,56,1388,5.3,5.33,3.39
43192,0.46,Ideal,E,VS1,62.2,54,1393,4.9,4.94,3.06
43201,0.53,Good,G,VS2,63.4,58,1395,5.13,5.16,3.26
43209,0.5,Good,E,VS2,59.8,57,1395,5.12,5.18,3.08
43290,0.31,Ideal,H,VS2,61.2,56,507,4.36,4.4,2.68
43302,0.52,Fair,I,VVS2,60.4,66,1401,5.26,5.2,3.16
43312,0.5,Good,D,VS2,64.1,61,1402,4.98,5.01,3.2
43351,0.5,Very Good,E,VS2,61.3,62,1407,5.05,5.1,3.11
43436,0.5,Ideal,D,SI1,61.4,58,1415,5.07,5.1,3.12
43458,0.61,Ideal,H,SI1,61.9,54,1416,5.44,5.48,3.38
43501,0.54,Ideal,E,SI1,61.3,56,1422,5.22,5.25,3.21
43538,0.53,Ideal,I,VS1,62.3,56,1427,5.19,5.23,3.24
43580,0.41,Ideal,E,VVS1,61.3,55,1431,4.8,4.76,2.93
43663,0.5,Very Good,D,SI1,61,61,1436,5.08,5.11,3.11
43724,0.51,Very Good,G,VS2,62.9,57,1438,5.06,5.12,3.2
43824,0.51,Good,E,SI1,63.9,56,1443,5.11,5.07,3.25
43837,0.52,Very Good,G,VS2,60.2,56,1446,5.23,5.27,3.16
43889,0.52,Ideal,I,VVS1,60.1,56,1454,5.24,5.27,3.16
43933,0.3,Ideal,I,VVS2,62,56,515,4.29,4.32,2.67
44074,0.59,Very Good,H,VS2,61.8,56,1552,5.37,5.41,3.33
44139,0.59,Premium,F,SI1,62.4,59,1561,5.37,5.33,3.34
44145,0.51,Very Good,D,SI1,63.2,55,1562,5.12,5.07,3.22
44167,0.5,Good,G,VS1,61.9,61.5,1565,5.03,5.04,3.12
44218,0.57,Premium,F,SI1,61.8,57,1571,5.34,5.31,3.29
44268,0.52,Good,G,VS1,63.9,56,1576,5.08,5.12,3.26
44406,0.53,Ideal,D,VS2,61.4,55,1585,5.21,5.24,3.21
44409,0.51,Ideal,E,SI1,60.9,56,1585,5.16,5.19,3.15
44488,0.58,Ideal,D,SI1,62,54,1597,5.36,5.39,3.33
44582,0.53,Ideal,E,VS2,61,57,1607,5.23,5.26,3.2
44599,0.53,Ideal,G,VS2,62.5,56,1607,5.2,5.17,3.24
44620,0.57,Ideal,G,VS2,61.8,56,1608,5.3,5.35,3.29
44648,0.28,Very Good,G,VVS2,62.3,56,522,4.16,4.19,2.6
44680,0.53,Very Good,F,VS2,60.5,55,1610,5.24,5.29,3.19
44710,0.56,Very Good,F,VS2,62,56,1614,5.2,5.22,3.23
44718,0.62,Very Good,I,VVS2,61.3,58.8,1615,5.48,5.52,3.37
44736,0.52,Ideal,E,VS2,62.1,57,1617,5.22,5.19,3.23
44808,0.5,Premium,G,VS1,59.9,59,1624,5.12,5.16,3.08
44828,0.52,Ideal,F,SI1,62,54,1624,5.19,5.16,3.21
44945,0.51,Ideal,G,VS1,61.2,55,1634,5.15,5.19,3.16
44976,0.32,Ideal,I,VS1,60.9,57,523,4.43,4.47,2.71
45073,0.48,Very Good,E,VS1,62.2,62,1644,4.95,4.99,3.09
45168,0.6,Ideal,F,SI1,62.7,54,1654,5.43,5.39,3.39
45211,0.51,Ideal,G,VS1,62,56,1656,5.06,5.16,3.17
45214,0.51,Good,E,VS2,63.3,56,1656,5.08,5.12,3.23
45220,0.51,Ideal,E,VS2,62.4,57,1656,5.1,5.13,3.19
45283,0.56,Ideal,G,VS2,59.6,57,1662,5.37,5.39,3.21
45301,0.31,Very Good,G,SI2,63.2,55,523,4.33,4.31,2.73
45351,0.59,Ideal,E,SI1,61.4,56,1664,5.36,5.39,3.3
45361,0.52,Very Good,E,VS2,62.2,56,1665,5.16,5.17,3.21
45443,0.7,Fair,J,VS2,64.6,58,1672,5.58,5.56,3.6
45509,0.5,Very Good,D,VS2,61.2,55,1682,5.07,5.12,3.12
45563,0.52,Good,G,VS1,63.3,55,1689,5.09,5.12,3.23
45566,0.52,Ideal,E,VS2,61.1,57,1689,5.18,5.2,3.17
45610,0.56,Ideal,H,VS1,62.2,55.3,1691,5.26,5.31,3.28
45666,0.52,Ideal,G,VS1,63,54,1694,5.17,5.12,3.24
45686,0.54,Ideal,H,VVS2,61.1,56,1696,5.23,5.28,3.21
45722,0.55,Ideal,F,VS2,62.7,55,1698,5.26,5.24,3.29
45723,0.55,Premium,D,SI1,61.6,56,1698,5.28,5.24,3.24
45725,0.6,Premium,E,SI1,60,57,1698,5.52,5.48,3.3
45752,0.5,Very Good,D,VS2,59.1,59,1703,5.19,5.24,3.08
45880,0.57,Ideal,D,VS2,60.3,57,1718,5.42,5.4,3.26
45937,0.51,Very Good,F,VS1,63.3,59,1722,5.09,5.12,3.23
45962,0.24,Ideal,E,VVS2,61.7,58,526,3.96,4.01,2.46
46061,0.53,Good,D,VS2,63.4,55,1734,5.11,5.23,3.28
46231,0.5,Very Good,D,VS2,62.9,61,1752,4.96,5.03,3.14
46239,0.53,Ideal,F,VS2,61.1,56,1753,5.26,5.22,3.2
46240,0.53,Premium,F,VS2,60.6,55,1753,5.26,5.23,3.18
46346,0.7,Good,E,SI2,56.9,63,1758,5.78,5.71,3.27
46396,0.72,Premium,G,SI2,62.7,57,1764,5.74,5.7,3.59
46421,0.5,Ideal,E,VS2,60.8,57,1768,5.16,5.13,3.13
46694,0.56,Ideal,E,VS1,60.8,55,1791,5.37,5.32,3.25
46706,0.77,Premium,J,VS2,62.3,58,1792,5.86,5.8,3.63
46713,0.59,Ideal,D,SI1,61.3,59,1793,5.36,5.4,3.3
46720,0.51,Very Good,D,VS2,63.5,56,1793,5.1,5.07,3.23
46760,0.65,Very Good,I,VVS1,61.8,56,1801,5.53,5.57,3.43
46770,0.52,Ideal,D,VS2,61.9,55,1802,5.19,5.21,3.22
46775,0.56,Ideal,D,SI1,61.9,55,1803,5.31,5.29,3.28
46789,0.5,Good,E,VS1,58.2,61,1806,5.19,5.22,3.03
46894,0.56,Premium,H,VVS2,59.8,57,1814,5.48,5.39,3.25
46957,0.3,Premium,I,VS1,61.9,59,527,4.31,4.24,2.65
46988,0.46,Ideal,E,VVS1,62.6,53,1816,4.93,4.97,3.1
47001,0.53,Ideal,G,VVS2,60.4,56,1818,5.29,5.24,3.18
47032,0.57,Ideal,E,VS2,60.4,57,1819,5.4,5.36,3.25
47099,0.57,Very Good,E,VS2,59.5,56,1826,5.45,5.47,3.25
47233,0.71,Fair,I,VS2,61.6,67,1840,5.76,5.61,3.5
47275,0.58,Good,E,SI1,61,62,1844,5.36,5.33,3.26
47336,0.23,Very Good,E,VVS1,63.5,54,530,3.92,3.95,2.5
47382,0.54,Ideal,G,VS1,61.8,54,1847,5.24,5.22,3.23
47413,0.57,Ideal,G,VS1,62.1,56,1851,5.3,5.33,3.3
47445,0.55,Ideal,E,VS1,61.5,57,1857,5.27,5.23,3.23
47450,0.53,Ideal,D,VS2,62.2,56,1857,5.16,5.19,3.22
47535,0.62,Very Good,I,VVS1,63.1,58,1871,5.4,5.44,3.42
47554,0.51,Ideal,D,VS1,62.4,57,1873,5.13,5.09,3.19
47592,0.51,Very Good,D,VS2,60.1,59,1877,5.16,5.19,3.11
47647,0.23,Ideal,F,VVS2,62,56,530,3.92,3.98,2.45
47702,0.61,Very Good,E,VS2,60.1,60,1884,5.5,5.54,3.32
47706,0.58,Ideal,E,VS2,61.1,57,1884,5.39,5.41,3.3
47795,0.71,Ideal,J,VS2,62.4,54,1899,5.72,5.76,3.58
47812,0.51,Ideal,G,VVS2,61.3,56,1902,5.16,5.19,3.17
47824,0.61,Ideal,D,SI1,61.6,55,1904,5.49,5.51,3.39
47923,0.56,Premium,G,VS1,60.5,59,1915,5.31,5.26,3.2
48151,0.72,Premium,J,VS2,61.7,58,1941,5.67,5.77,3.53
48192,0.53,Ideal,G,VVS2,61,56,1946,5.21,5.25,3.19
48251,0.71,Premium,I,VS2,60,58,1952,5.79,5.85,3.49
48252,0.53,Ideal,D,VS1,61.3,56,1952,5.21,5.23,3.2
48318,0.34,Very Good,G,SI1,61.2,54,536,4.53,4.56,2.78
48322,0.23,Ideal,G,VVS1,60.8,57,536,3.96,3.99,2.41
48552,0.51,Premium,E,VS1,61.6,57,1989,5.13,5.1,3.15
48623,0.56,Premium,G,VS1,61,60,1999,5.39,5.32,3.27
48705,0.6,Very Good,D,VS2,63.7,56,2010,5.34,5.36,3.41
48730,0.52,Ideal,G,VVS2,61.9,55,2012,5.16,5.14,3.19
48735,0.52,Premium,G,VVS2,61.8,59,2012,5.16,5.13,3.18
48740,0.56,Premium,G,VS1,59.9,60,2013,5.41,5.37,3.23
48793,0.8,Premium,J,SI2,60.2,59,2022,6.07,5.95,3.62
48806,0.5,Ideal,F,VVS2,62,53.6,2025,5.09,5.13,3.18
48894,0.57,Ideal,F,VS1,61.7,55,2039,5.35,5.39,3.31
48898,0.71,Premium,F,SI2,62.2,57,2040,5.66,5.6,3.5
48908,0.54,Ideal,E,VS1,62,56,2041,5.26,5.23,3.25
48949,0.71,Ideal,J,VS2,61.5,59,2047,5.71,5.74,3.52
48957,0.7,Very Good,H,SI1,63.3,58,2048,5.61,5.64,3.56
49064,0.7,Good,F,SI1,63.1,64,2058,5.58,5.61,3.53
49083,0.7,Ideal,E,SI2,62,56,2061,5.71,5.74,3.55
49130,0.56,Ideal,D,VS2,60.9,56,2066,5.35,5.32,3.25
49131,0.56,Ideal,D,VS2,61,57,2066,5.35,5.28,3.24
49184,0.82,Ideal,I,SI2,61.1,57,2075,6.05,6.09,3.71
49196,0.55,Ideal,G,VVS1,61.2,56,2077,5.27,5.3,3.24
49265,0.62,Fair,F,VVS2,57.1,60,2088,5.65,5.7,3.24
49291,0.26,Very Good,E,VVS1,61.8,59,539,4.11,4.14,2.55
49350,0.7,Ideal,J,SI1,60.3,57,2096,5.75,5.79,3.48
49397,0.5,Ideal,G,IF,61.5,56,2104,5.11,5.14,3.15
49409,0.74,Ideal,J,VVS2,61.7,55,2106,5.83,5.87,3.61
49523,0.71,Very Good,E,SI2,62.1,57,2123,5.71,5.76,3.56
49606,0.7,Good,G,SI1,64.6,59,2137,5.49,5.54,3.56
49631,0.32,Premium,J,VS1,61.9,58,540,4.39,4.33,2.7
49696,0.51,Ideal,G,IF,62.9,58,2146,5.07,5.11,3.2
49729,0.53,Ideal,G,VVS1,61.6,57,2153,5.2,5.22,3.21
49741,0.59,Ideal,G,VVS2,62.3,56,2155,5.34,5.39,3.34
49743,0.7,Premium,H,SI1,61.3,58,2155,5.71,5.74,3.51
49771,0.5,Ideal,F,VVS2,62.2,54,2160,5.11,5.09,3.17
49782,0.61,Ideal,E,VS1,61.6,57,2161,5.42,5.45,3.35
49808,0.82,Ideal,G,SI2,61,55,2165,6.04,5.99,3.67
49812,0.5,Ideal,F,VVS1,60.4,56,2165,5.16,5.21,3.13
49935,0.71,Very Good,I,VS2,62.8,59,2185,5.64,5.67,3.55
49949,0.57,Ideal,F,VS1,61.9,55,2189,5.34,5.32,3.3
50027,0.73,Premium,F,SI2,61.4,58,2197,5.83,5.8,3.57
50030,0.62,Ideal,H,VVS1,61.1,56,2197,5.48,5.52,3.36
50191,0.72,Ideal,F,SI2,62,55,2224,5.75,5.79,3.58
50312,0.7,Premium,F,SI1,59.4,60,2239,5.77,5.74,3.42
50377,0.6,Ideal,H,VS1,61.3,55,2250,5.47,5.49,3.36
50390,0.78,Very Good,H,SI2,61.8,59,2252,5.85,5.9,3.63
50422,0.57,Ideal,G,VVS1,62,55,2259,5.33,5.35,3.31
50514,0.71,Ideal,I,VS2,62,54,2272,5.73,5.77,3.56
50578,0.56,Premium,E,VVS2,61.5,58,2279,5.3,5.33,3.27
50583,1,Fair,F,I1,68,57,2280,6.14,6.05,4.15
50588,0.74,Very Good,E,SI2,63,58,2282,5.73,5.77,3.62
50603,0.92,Fair,H,SI2,66.1,57,2283,6.22,6,4.05
50628,0.25,Good,H,VVS1,60.6,64,401,4.05,4.07,2.46
50660,0.31,Ideal,G,VS2,61.4,56,544,4.34,4.36,2.67
50717,0.7,Premium,H,VS1,62.3,59,2293,5.71,5.66,3.54
50898,0.73,Fair,E,SI1,64.6,59,2317,5.69,5.64,3.66
50987,0.31,Very Good,H,VS1,62.9,58,544,4.31,4.34,2.72
51100,0.59,Ideal,G,VS2,61.9,57,2336,5.41,5.38,3.34
51111,0.7,Good,F,SI1,59.7,64,2337,5.71,5.74,3.42
51241,0.74,Very Good,I,VS1,63.4,57,2353,5.81,5.76,3.67
51242,0.71,Very Good,H,SI1,62.1,61,2354,5.63,5.71,3.52
51279,0.58,Ideal,E,VS1,60.8,57,2359,5.42,5.41,3.29
51706,0.7,Very Good,F,VS2,58.9,57,2400,5.79,5.85,3.43
51725,0.7,Ideal,D,SI2,60.3,56,2401,5.73,5.77,3.47
51757,0.62,Ideal,F,VS1,62,54,2406,5.46,5.5,3.4
51772,0.8,Premium,H,SI2,61.6,59,2409,5.92,5.86,3.63
51781,0.7,Very Good,I,VS1,63.1,57,2411,5.67,5.59,3.55
51783,0.8,Very Good,I,VS2,63.3,55,2414,5.88,5.93,3.74
51834,0.7,Very Good,H,VS1,62.1,56,2422,5.65,5.68,3.52
51962,0.3,Ideal,G,VS2,61.6,57,545,4.3,4.33,2.66
51998,0.71,Premium,G,VS2,63,54,2443,5.69,5.64,3.57
52000,0.83,Very Good,J,VS2,60.5,55,2444,6.08,6.11,3.69
52243,0.78,Premium,G,SI2,60.6,58,2486,6.02,5.99,3.64
52255,1.01,Premium,J,I1,60.7,59,2488,6.39,6.42,3.89
52256,0.7,Good,G,VS2,64.3,56,2488,5.51,5.58,3.57
52298,0.25,Very Good,E,VVS1,62.6,57,548,3.98,4.01,2.5
52358,0.74,Ideal,E,SI2,61.7,57,2501,5.78,5.82,3.58
52389,0.57,Ideal,F,VVS1,60.7,57,2507,5.39,5.36,3.26
52429,0.7,Very Good,I,VVS1,61.2,58,2513,5.65,5.72,3.48
52432,0.7,Very Good,H,VS2,63,55.4,2513,5.67,5.7,3.58
52485,0.82,Ideal,I,VS1,62.3,57,2522,5.98,6.02,3.74
52594,0.96,Fair,I,SI2,66.3,58,2540,6.07,5.9,3.97
52597,0.53,Very Good,D,VVS2,60.5,57,2542,5.23,5.31,3.19
52957,0.24,Very Good,F,VVS1,58.7,59,552,4.04,4.1,2.39
52970,0.24,Ideal,F,VVS2,61.6,54,552,4,4.09,2.49
53138,0.72,Good,D,SI2,59.7,61,2620,5.78,5.84,3.47
53224,0.5,Ideal,D,VVS2,61.9,55.1,2639,5.07,5.1,3.15
53236,0.72,Ideal,I,VVS1,61.3,57,2642,5.74,5.77,3.53
53385,0.7,Ideal,F,SI1,62.6,55,2662,5.67,5.68,3.55
53414,0.8,Very Good,H,SI1,62.3,59,2670,5.95,6,3.72
53427,0.7,Ideal,F,VS2,61.8,54,2671,5.68,5.71,3.52
53516,0.8,Fair,H,VS2,65.3,58,2686,5.78,5.73,3.76
53627,0.35,Very Good,I,VS1,60.7,62,552,4.53,4.59,2.77
53647,0.71,Ideal,E,SI1,61.7,56,2704,5.72,5.69,3.52
53674,0.7,Fair,G,VVS2,65.3,61,2710,5.58,5.48,3.61
53757,0.84,Fair,G,VS1,55.6,64,2724,6.42,6.32,3.54
53759,0.72,Very Good,F,VS2,59.6,63,2724,5.92,5.75,3.48
53840,0.71,Ideal,G,SI1,61.6,57,2738,5.72,5.76,3.53
53916,0.77,Ideal,E,SI2,62.1,56,2753,5.84,5.86,3.63